{"cameraMode":{"drawMode":0,"name":"Shaded","section":"Shading Mode"},"sceneLighting":true,"audioPlay":false,"sceneViewState":{"showFog":true,"showMaterialUpdate":false,"showSkybox":true,"showFlares":true,"showImageEffects":true,"showParticleSystems":true},"in2DMode":false,"pivot":{"x":2.7146263122558595,"y":5.682061195373535,"z":-5.725067138671875},"rotation":{"x":0.09224732220172882,"y":-0.020909344777464868,"z":0.0019365629414096475,"w":0.9955176711082459},"size":23.526506423950197,"orthographic":false}